order_month,total_sales,order_count,avg_order_value
2025-07,9561000.0,11,869182.0
2025-08,9362000.0,17,550706.0
2025-09,5299000.0,4,1324750.0
2025-10,12629000.0,17,742882.0
2025-11,9583000.0,16,598938.0
2025-12,8581000.0,12,715083.0
2026-01,8135000.0,9,903889.0
2026-02,7689000.0,12,640750.0
2026-03,7247000.0,13,557462.0
2026-04,11459000.0,14,818500.0
2026-05,12006000.0,12,1000500.0
2026-06,11031000.0,16,689438.0
2026-07,8966000.0,8,1120750.0
2026-08,16980000.0,15,1132000.0
2027-01,909000.0,1,909000.0
Unknown,1903000.0,2,951500.0
