customer_id,city,order_count,total_sales,avg_order_value
3.0,서울,3,6702000.0,2234000.0
14.0,대구,4,5204000.0,1301000.0
90.0,수원,3,4311000.0,1437000.0
93.0,울산,4,4001000.0,1000250.0
65.0,광주,6,3977000.0,662833.0
104.0,서울,2,3966000.0,1983000.0
20.0,성남,4,3808000.0,952000.0
38.0,성남,4,3656000.0,914000.0
28.0,인천,4,3201000.0,800250.0
22.0,부산,3,3109000.0,1036333.0
85.0,부산,4,2832000.0,708000.0
5.0,광주,2,2639000.0,1319500.0
58.0,서울,2,2559000.0,1279500.0
43.0,부산,2,2484000.0,1242000.0
61.0,고양,2,2353000.0,1176500.0
46.0,부산,1,2300000.0,2300000.0
55.0,부산,3,2252000.0,750667.0
115.0,수원,2,2238000.0,1119000.0
27.0,부산,2,2209000.0,1104500.0
12.0,울산,2,2208000.0,1104000.0
51.0,부산,2,2187000.0,1093500.0
69.0,성남,3,2152000.0,717333.0
74.0,부산,2,2066000.0,1033000.0
33.0,고양,2,1912000.0,956000.0
92.0,광주,4,1848000.0,462000.0
120.0,부산,3,1832000.0,610667.0
99.0,인천,2,1825000.0,912500.0
53.0,서울,2,1702000.0,851000.0
144.0,인천,2,1696000.0,848000.0
7.0,서울,2,1667000.0,833500.0
21.0,인천,3,1653000.0,551000.0
95.0,인천,2,1632000.0,816000.0
136.0,고양,2,1631000.0,815500.0
114.0,대구,2,1619000.0,809500.0
57.0,인천,2,1555000.0,777500.0
56.0,서울,3,1535000.0,511667.0
47.0,수원,1,1472000.0,1472000.0
81.0,광주,1,1416000.0,1416000.0
17.0,광주,1,1406000.0,1406000.0
150.0,수원,2,1403000.0,701500.0
149.0,서울,1,1389000.0,1389000.0
52.0,울산,2,1380000.0,690000.0
64.0,대구,1,1368000.0,1368000.0
25.0,울산,2,1355000.0,677500.0
112.0,인천,2,1318000.0,659000.0
138.0,서울,2,1281000.0,640500.0
132.0,인천,2,1168000.0,584000.0
34.0,광주,2,1122000.0,561000.0
100.0,광주,2,1106000.0,553000.0
24.0,대구,1,1103000.0,1103000.0
40.0,광주,1,1100000.0,1100000.0
11.0,대구,1,1096000.0,1096000.0
19.0,수원,1,1084000.0,1084000.0
31.0,대구,2,1040000.0,520000.0
62.0,울산,1,1036000.0,1036000.0
32.0,성남,1,1007000.0,1007000.0
142.0,인천,1,1001000.0,1001000.0
140.0,광주,1,969000.0,969000.0
23.0,부산,2,966000.0,483000.0
29.0,서울,1,915000.0,915000.0
125.0,부산,1,867000.0,867000.0
82.0,수원,1,831000.0,831000.0
41.0,Unknown,1,820000.0,820000.0
135.0,광주,1,809000.0,809000.0
26.0,대구,1,786000.0,786000.0
9.0,울산,3,774000.0,258000.0
146.0,대구,1,748000.0,748000.0
48.0,광주,1,736000.0,736000.0
105.0,광주,2,732000.0,366000.0
110.0,성남,1,665000.0,665000.0
15.0,광주,1,662000.0,662000.0
130.0,수원,2,650000.0,325000.0
2.0,대구,2,633000.0,316500.0
97.0,부산,1,608000.0,608000.0
121.0,광주,1,601000.0,601000.0
36.0,고양,2,581000.0,290500.0
106.0,고양,1,577000.0,577000.0
98.0,광주,1,560000.0,560000.0
88.0,대구,1,528000.0,528000.0
45.0,인천,1,518000.0,518000.0
139.0,대구,1,480000.0,480000.0
60.0,부산,2,427000.0,213500.0
44.0,울산,1,383000.0,383000.0
111.0,부산,2,381000.0,190500.0
9991.0,Unknown,1,376000.0,376000.0
127.0,부산,1,314000.0,314000.0
137.0,서울,1,308000.0,308000.0
96.0,울산,1,295000.0,295000.0
37.0,수원,1,231000.0,231000.0
108.0,대전,2,202000.0,101000.0
77.0,서울,1,187000.0,187000.0
116.0,광주,1,183000.0,183000.0
131.0,대구,1,176000.0,176000.0
134.0,대전,1,170000.0,170000.0
126.0,고양,1,168000.0,168000.0
67.0,울산,1,113000.0,113000.0
129.0,인천,1,88000.0,88000.0
79.0,부산,1,82000.0,82000.0
119.0,인천,1,68000.0,68000.0
